Title,Link,Experience Level,Technologies
stack engineer,https://weworkremotely.com/remote-jobs/orum-full-stack-engineer,other,"ui,node,react,postgresql,typescript"
developer,https://weworkremotely.com/remote-jobs/agencyanalytics-website-developer,other,"javascript,css,html"
php developer,https://weworkremotely.com/remote-jobs/agencyanalytics-backend-php-developer,senior,"kubernetes,scala,php,mysql"
superstar full stack developer your work will be seen by millions,https://weworkremotely.com/remote-jobs/country-rebel-superstar-full-stack-developer-your-work-will-be-seen-by-millions,senior,"css,seo,php,ui,ux,javascript,html,shopify,jquery,mysql,wordpress"
source developer devops python django aws openstack 6,https://weworkremotely.com/remote-jobs/opencraft-open-source-developer-devops-python-django-aws-openstack-6,senior,"git,android,react,rabbitmq,ios,django,postgresql,mysql,css,docker,redis,aws,linux,elasticsearch,ansible,javascript,html,python,mongodb"
senior software engineer node js 1,https://weworkremotely.com/remote-jobs/float-com-senior-software-engineer-node-js-1,senior,"docker,nosql,sql,graphql,node,kubernetes,aws,mysql,mongodb"
inc senior full stack engineer,https://weworkremotely.com/remote-jobs/sofia-family-inc-senior-full-stack-engineer,senior,"ios,windows,macos,angular,redis,django,javascript,node,android,react,python,linux,scala,go,typescript,ruby"
boss senior full stack engineer 1,https://weworkremotely.com/remote-jobs/follow-up-boss-senior-full-stack-engineer-1,senior,"css,php,redis,sql,javascript,react,linux,mysql"
node js engineer,https://weworkremotely.com/remote-jobs/gitduck-senior-node-js-engineer,senior,"javascript,node,react,kubernetes,aws,go,typescript,mongodb"
development inc sr software engineer across a wide array of tech stacks 100 7,https://weworkremotely.com/remote-jobs/infinity-software-development-inc-sr-software-engineer-across-a-wide-array-of-tech-stacks-100-7,other,"docker,angular,sql,c,node,oracle,swift,react,vue,aws,kotlin,typescript,java,mongodb"
software engineer,https://weworkremotely.com/remote-jobs/salesforce-lead-software-engineer,other,"redis,sql,rust,go,elixir,linux,scala,heroku,postgresql,ruby"
experienced full stack rails and react developer 2,https://weworkremotely.com/remote-jobs/tanooki-labs-experienced-full-stack-rails-and-react-developer-2,senior,"react,javascript,ruby"
developer ruby on rails backbone js vue js,https://weworkremotely.com/remote-jobs/inputhealth-software-developer-ruby-on-rails-backbone-js-vue-js,other,"javascript,node,flutter,html,vue,ruby,css"
wordpress engineer americas,https://weworkremotely.com/remote-jobs/xwp-lead-wordpress-engineer-americas,senior,"git,php,slack,nosql,sql,docker,ux,javascript,sass,html,react,css,wordpress"
haskell developer,https://weworkremotely.com/remote-jobs/holmusk-remote-haskell-developer,other,"git,aws,postgresql"
qa engineer,https://weworkremotely.com/remote-jobs/chili-piper-qa-engineer,other,"nosql,javascript,linux,java,mongodb"
api engineer,https://weworkremotely.com/remote-jobs/primer-backend-api-engineer,other,"slack,python,mysql"
lead cto,https://weworkremotely.com/remote-jobs/supercast-tech-lead-cto,other,"aws,windows"
stack engineer 1,https://weworkremotely.com/remote-jobs/oddball-full-stack-engineer-1,other,"react,oracle,java"
software engineer ios swift,https://weworkremotely.com/remote-jobs/doximity-mobile-software-engineer-ios-swift,other,"ios,mysql,apollo,express,golang,graphql,javascript,android,swift,react,vue,html,aws,python,ruby"
stack javascript engineer,https://weworkremotely.com/remote-jobs/oddball-full-stack-javascript-engineer,senior,"react,node"
backend developer,https://weworkremotely.com/remote-jobs/bridebook-senior-backend-developer,senior,"nosql,aws,python,scala,typescript,elasticsearch"
,https://weworkremotely.com/remote-jobs/confidential-cto,other,
solutions engineer 1,https://weworkremotely.com/remote-jobs/recharge-payments-solutions-engineer-1,other,"slack,django,javascript,html,shopify,python,css"
remodeling ruby on rails developer 5 years,https://weworkremotely.com/remote-jobs/power-home-remodeling-ruby-on-rails-developer-5-years,senior,"mysql,git,docker,redis,machine learning,graphql,ux,javascript,swift,react,kubernetes,python,elasticsearch,ruby"
back end developer,https://weworkremotely.com/remote-jobs/weaveup-inc-back-end-developer,senior,"angular,javascript,vue,scala,ruby"
software engineer remote,https://weworkremotely.com/remote-jobs/percona-golang-software-engineer-remote,senior,"nosql,golang,kubernetes,mariadb,postgresql,mysql,mongodb"
native mobile and web senior engineer,https://weworkremotely.com/remote-jobs/remotelock-react-native-mobile-and-web-senior-engineer,senior,"ios,git,ui,apollo,graphql,javascript,ux,android,html,react,node,ruby,scala,typescript,css"
of artificial intelligence remote eu time zone,https://weworkremotely.com/remote-jobs/cvedia-head-of-artificial-intelligence-remote-eu-time-zone,other,machine learning
engineer react js,https://weworkremotely.com/remote-jobs/productboard-frontend-engineer-react-js,senior,"redis,graphql,rust,node,react,kubernetes,aws,python,typescript,ruby"
engineer ruby 1,https://weworkremotely.com/remote-jobs/productboard-backend-engineer-ruby-1,senior,"rust,node,react,kubernetes,ruby,aws,typescript,elasticsearch"
engineer security data privacy,https://weworkremotely.com/remote-jobs/bevy-software-engineer-security-data-privacy,other,"slack,express,django,react,mongodb"
engineer general,https://weworkremotely.com/remote-jobs/bevy-software-engineer-general,other,"react,django,slack,mongodb"
react developer remote full time 1,https://weworkremotely.com/remote-jobs/toptal-freelance-react-developer-remote-full-time-1,other,
and vue js developer 1,https://weworkremotely.com/remote-jobs/ycode-laravel-and-vue-js-developer-1,other,"docker,rust,vue,laravel,go,postgresql,css"
solutions sr devops engineer,https://weworkremotely.com/remote-jobs/titan-school-solutions-sr-devops-engineer,senior,"redis,sql,windows,asp,c,google cloud platform,kubernetes,aws,microsoft sql server,linux,.net,scala"
engineer platform philanthropy cloud,https://weworkremotely.com/remote-jobs/salesforce-senior-engineer-platform-philanthropy-cloud,senior,"nosql,sql,graphql,ux,javascript,dynamodb,aws,kotlin,scala,elasticsearch,java"
stack java developer,https://weworkremotely.com/remote-jobs/intelliworx-full-stack-java-developer,other,"css,mysql,git,ui,angular,sql,ux,javascript,oracle,html,spring,typescript,java"
full stack engineer 1,https://weworkremotely.com/remote-jobs/thorn-senior-full-stack-engineer-1,other,"docker,slack,express,graphql,javascript,node,react,kubernetes,aws,postgresql,typescript"
full stack engineer,https://weworkremotely.com/remote-jobs/thorn-senior-full-stack-engineer,senior,"docker,slack,express,graphql,node,react,kubernetes,aws,python,postgresql,typescript,elasticsearch"
senior go developer,https://weworkremotely.com/remote-jobs/x-team-senior-go-developer,senior,"ios,angular,golang,javascript,react,vue,go"
senior php developer 1,https://weworkremotely.com/remote-jobs/x-team-senior-php-developer-1,senior,"mysql,git,php,javascript,html,laravel,jquery,go,css"
contract lead senior ruby on rails developer 2 3 months,https://weworkremotely.com/remote-jobs/bit-zesty-contract-lead-senior-ruby-on-rails-developer-2-3-months,senior,"mysql,nosql,sql,ux,html,ruby,scala,postgresql,elasticsearch,css,mongodb"
wordpress engineer,https://weworkremotely.com/remote-jobs/automattic-senior-wordpress-engineer,senior,"scala,wordpress"
senior software engineer web apps 1,https://weworkremotely.com/remote-jobs/brivity-inc-senior-software-engineer-web-apps-1,senior,"c,amazon web services,javascript,node,react,aws,ruby"
senior software developer ruby on rails react,https://weworkremotely.com/remote-jobs/kuali-inc-senior-software-developer-ruby-on-rails-react,senior,"react,ruby"
senior software developer,https://weworkremotely.com/remote-jobs/kuali-inc-senior-software-developer,senior,"react,mongodb,javascript,express"
senior software engineer mobile,https://weworkremotely.com/remote-jobs/good-eggs-senior-software-engineer-mobile,senior,"rabbitmq,seo,apollo,redis,graphql,heroku,javascript,node,chef,react,python,java,scala,go,typescript,ruby,mongodb"
security engineer with ruby on rails experience,https://weworkremotely.com/remote-jobs/aha-senior-security-engineer-with-ruby-on-rails-experience,senior,"rust,aws,javascript,ruby"
ruby on rails engineer with react js experience,https://weworkremotely.com/remote-jobs/aha-sr-ruby-on-rails-engineer-with-react-js-experience,senior,"rust,ruby"
java spring developer north america 100 remote,https://weworkremotely.com/remote-jobs/clevertech-principal-java-spring-developer-north-america-100-remote,senior,"git,nosql,sql,rust,spring,aws,scala,java"
php laravel developer with mongodb knowledge,https://weworkremotely.com/remote-jobs/colorelephant-strong-php-laravel-developer-with-mongodb-knowledge,senior,"css,php,javascript,html,laravel,mysql,mongodb"
developer,https://weworkremotely.com/remote-jobs/colorelephant-reactjs-developer,senior,"graphql,javascript,node,sass,html,react,css"
school front end developer your dream job,https://weworkremotely.com/remote-jobs/iphone-photography-school-front-end-developer-your-dream-job,other,"rust,javascript,vue,scala,css"
engineer iam experience,https://weworkremotely.com/remote-jobs/github-software-engineer-iam-experience,other,"rust,shell,ruby,express"
senior software engineer full stack,https://weworkremotely.com/remote-jobs/elevate-labs-senior-software-engineer-full-stack,senior,"django,aws,ruby"
engineer payments,https://weworkremotely.com/remote-jobs/github-software-engineer-payments,senior,"git,sql,express,rust,shell,ruby"
developer 1,https://weworkremotely.com/remote-jobs/clevertech-mulesoft-developer-1,senior,rust
full stack engineer,https://weworkremotely.com/remote-jobs/hugo-senior-full-stack-engineer,senior,"git,ui,slack,sql,rust,ux,node,react,aws"
senior ruby on rails engineer to work on interesting challenges 1,https://weworkremotely.com/remote-jobs/booster-apps-senior-ruby-on-rails-engineer-to-work-on-interesting-challenges-1,senior,"git,redis,javascript,shopify,ruby,jquery,css"
backend developer,https://weworkremotely.com/remote-jobs/narrative-scala-backend-developer,other,"ui,angular,f#,sql,c,amazon web services,node,html,dynamodb,aws,python,scala,typescript,java"
front end developer with css skills remote 1,https://weworkremotely.com/remote-jobs/sparkle-cms-front-end-developer-with-css-skills-remote-1,other,"sass,rust,ruby,css"
engineer react native,https://weworkremotely.com/remote-jobs/tempest-mobile-engineer-react-native,other,"react,graphql"
software developer,https://weworkremotely.com/remote-jobs/qualio-senior-software-developer,senior,"rabbitmq,git,docker,angular,redis,flask,graphql,javascript,react,aws,python,bash,postgresql,elasticsearch"
full stack engineer spotlight,https://weworkremotely.com/remote-jobs/thorn-senior-full-stack-engineer-spotlight,senior,"docker,slack,sql,express,node,react,kubernetes,aws,typescript,mysql"
machine learning engineer python 2,https://weworkremotely.com/remote-jobs/data-revenue-machine-learning-engineer-python-2,junior,"docker,machine learning,aws,python,go"
inc wordpress developer php js 2,https://weworkremotely.com/remote-jobs/awesome-motive-inc-wordpress-developer-php-js-2,other,"ios,git,php,rust,javascript,react,java,jquery,mysql,wordpress"
software engineer,https://weworkremotely.com/remote-jobs/clerky-senior-software-engineer,other,"scala,go,ruby"
ui software engineer u s remote ok,https://weworkremotely.com/remote-jobs/locuslabs-react-ui-software-engineer-u-s-remote-ok,other,"ui,javascript,react,dynamodb,aws"
agile architect,https://weworkremotely.com/remote-jobs/red-hat-agile-architect,senior,"c,ios,rust"
ruby on rails developer,https://weworkremotely.com/remote-jobs/litmus-software-ruby-on-rails-developer,senior,"git,slack,rust,javascript,sass,vue,go,ruby"
developer vue js asp net core,https://weworkremotely.com/remote-jobs/testdome-frontend-developer-vue-js-asp-net-core,senior,"asp,javascript,html,react,vue,.net,postgresql,css"
senior front end developer,https://weworkremotely.com/remote-jobs/holomeeting-mid-senior-front-end-developer,senior,"git,docker,graphql,javascript,html,react,shell,linux,css"
full stack developer python vue js 1,https://weworkremotely.com/remote-jobs/unhaggle-inc-full-stack-developer-python-vue-js-1,other,"git,docker,slack,redis,sql,django,javascript,html,vue,aws,python,linux,postgresql,css"
shopify developer,https://weworkremotely.com/remote-jobs/c2-digital-shopify-developer,other,"javascript,html,shopify,jquery,css"
assurance engineer m f d,https://weworkremotely.com/remote-jobs/bryter-quality-assurance-engineer-m-f-d,other,
back end software engineer,https://weworkremotely.com/remote-jobs/joust-senior-back-end-software-engineer,senior,"slack,rust,javascript,aws,ruby"
on rails engineer 100 remote,https://weworkremotely.com/remote-jobs/clevertech-ruby-on-rails-engineer-100-remote,other,"redis,sql,rust,heroku,postgresql,ruby"
software engineer coding applications,https://weworkremotely.com/remote-jobs/github-senior-software-engineer-coding-applications,senior,"css,git,slack,express,rust,javascript,html,shell,scala,go,ruby"
application architect,https://weworkremotely.com/remote-jobs/wallaroo-labs-application-architect,other,"git,aws,shell"
senior react native engineer,https://weworkremotely.com/remote-jobs/toggl-plan-senior-react-native-engineer,senior,"javascript,swift,react,kotlin,typescript,java"
developer,https://weworkremotely.com/remote-jobs/whiplash-backend-developer,other,"mysql,ruby"
software engineer full stack 1,https://weworkremotely.com/remote-jobs/adquick-senior-software-engineer-full-stack-1,other,"react,ruby"
ruby on rails engineer,https://weworkremotely.com/remote-jobs/cartkit-senior-ruby-on-rails-engineer,senior,"heroku,redis,ruby"
senior vue js developer,https://weworkremotely.com/remote-jobs/x-team-senior-vue-js-developer,senior,"ui,sass,vue,go,css"
senior react native flutter developer,https://weworkremotely.com/remote-jobs/x-team-senior-react-native-flutter-developer,senior,"ios,flutter,android,react,swift,objective c,go,java"
full stack net c developer,https://weworkremotely.com/remote-jobs/cloudscale-microsoft-full-stack-net-c-developer,senior,"git,angular,sql,express,c,javascript,sass,html,>net core,typescript,css"
drupal solutions architect remote,https://weworkremotely.com/remote-jobs/platform-sh-drupal-solutions-architect-remote,other,"git,rust,drupal,linux"
front end engineer,https://weworkremotely.com/remote-jobs/chili-piper-front-end-engineer,other,"react,javascript"
stack software engineer,https://weworkremotely.com/remote-jobs/farmstead-full-stack-software-engineer,other,"ui,sql,html,react,heroku,postgresql,css"
full stack web developer,https://weworkremotely.com/remote-jobs/holomeeting-senior-full-stack-web-developer,senior,"git,docker,express,node,html,react,css,mongodb"
engineer full stack,https://weworkremotely.com/remote-jobs/doximity-software-engineer-full-stack,other,"mysql,express,golang,javascript,html,vue,aws,python,ruby"
software development manager 2,https://weworkremotely.com/remote-jobs/recharge-payments-software-development-manager-2,senior,"docker,ansible,flask,aws,python"
software engineer 2,https://weworkremotely.com/remote-jobs/recharge-payments-software-engineer-2,senior,"docker,ansible,redis,flask,node,sass,vue,aws,python,scala,go,ruby,java"
back end developer for awesome small saas startup,https://weworkremotely.com/remote-jobs/sherpa-inc-back-end-developer-for-awesome-small-saas-startup,senior,"django,express"
front end developer for awesome small saas startup,https://weworkremotely.com/remote-jobs/sherpa-inc-front-end-developer-for-awesome-small-saas-startup,senior,"react,ui,ux,express"
ruby on rails engineer madrid barcelona full remote,https://weworkremotely.com/remote-jobs/jobandtalent-senior-ruby-on-rails-engineer-madrid-barcelona-full-remote,senior,"git,sql,react,vue,elixir,rabbitmq,angular,jquery,go,postgresql,css,ruby,docker,redis,rust,linux,javascript,html,python,scala"
senior ios developer,https://weworkremotely.com/remote-jobs/x-team-senior-ios-developer,senior,"ios,php,javascript,swift,html,objective c,go,css,java"
ltd servicenow developer,https://weworkremotely.com/remote-jobs/ifost-pty-ltd-servicenow-developer,other,javascript
frontend developer,https://weworkremotely.com/remote-jobs/the-taproom-frontend-developer,other,"git,slack,graphql,javascript,html,vue,shopify,jquery,css"
ruby on rails engineer,https://weworkremotely.com/remote-jobs/aha-lead-ruby-on-rails-engineer,senior,"scala,rust,ruby"
security engineer with ruby on rails experience,https://weworkremotely.com/remote-jobs/aha-sr-security-engineer-with-ruby-on-rails-experience,senior,"rust,aws,javascript,ruby"
ruby on rails developer 1,https://weworkremotely.com/remote-jobs/flexjobs-senior-ruby-on-rails-developer-1,other,"git,docker,php,angular,javascript,html,vue,ruby,aws,jquery,bash,css,wordpress"
stack developer for cpo remote,https://weworkremotely.com/remote-jobs/optimile-full-stack-developer-for-cpo-remote,other,"css,git,sql,django,graphql,javascript,html,react,python,java"
stack software developer for mobility team remote,https://weworkremotely.com/remote-jobs/optimile-full-stack-software-developer-for-mobility-team-remote,other,"django,javascript,html,react,swift,python,typescript,css"
native developer,https://weworkremotely.com/remote-jobs/clevertech-react-native-developer,senior,"react,rust,ios,android"
software engineer map applications,https://weworkremotely.com/remote-jobs/locuslabs-javascript-software-engineer-map-applications,other,"react,dynamodb,aws,javascript"
full stack rails vue js engineer,https://weworkremotely.com/remote-jobs/learnzillion-senior-full-stack-rails-vue-js-engineer,senior,"css,redis,sql,javascript,sass,html,react,vue,ruby,elasticsearch"
senior react developer,https://weworkremotely.com/remote-jobs/x-team-senior-react-developer,senior,"ui,php,node,sass,react,python,go,typescript,css"
senior node js developer,https://weworkremotely.com/remote-jobs/x-team-senior-node-js-developer,senior,"ios,angular,express,javascript,node,react,vue,go"
founding engineer,https://weworkremotely.com/remote-jobs/walrus-ai-founding-engineer,other,"ios,express,rust,react,puppet"
software engineer 1,https://weworkremotely.com/remote-jobs/healthfinch-senior-software-engineer-1,senior,"redis,ruby"
software engineer,https://weworkremotely.com/remote-jobs/litmus-software-software-engineer,other,"c,rust,aws,machine learning"
developer,https://weworkremotely.com/remote-jobs/axios-frontend-developer,senior,"ios,seo,rust,graphql,react,go"
software engineer bootstrapped ruby on rails,https://weworkremotely.com/remote-jobs/printavo-sr-software-engineer-bootstrapped-ruby-on-rails,other,"ios,git,css,javascript,android,ruby,heroku,elasticsearch"
python developer 3,https://weworkremotely.com/remote-jobs/ebury-senior-python-developer-3,other,"docker,slack,django,kubernetes,vue,aws,python"
data warehouse engineer,https://weworkremotely.com/remote-jobs/kyruus-senior-data-warehouse-engineer,senior,"sql,aws,python,scala,go,postgresql"
lead 5,https://weworkremotely.com/remote-jobs/clevertech-tech-lead-5,senior,"rust,javascript,node,react,python,go,java"
company senior software engineer cloud infrastructure,https://weworkremotely.com/remote-jobs/software-motor-company-senior-software-engineer-cloud-infrastructure,senior,"ios,golang,javascript,kubernetes,react,shell,python,aws,linux,scala,go,postgresql,typescript"
software engineer backend 100 remote american or european time zone,https://weworkremotely.com/remote-jobs/close-senior-software-engineer-backend-100-remote-american-or-european-time-zone,senior,"docker,redis,flask,graphql,rust,javascript,kubernetes,aws,python,scala,postgresql,elasticsearch,mongodb"
senior backend engineer,https://weworkremotely.com/remote-jobs/files-com-senior-backend-engineer,senior,"git,redis,ruby,scala,elasticsearch"
ruby on rails developer,https://weworkremotely.com/remote-jobs/velluto-vip-ruby-on-rails-developer,other,"seo,slack,javascript,html,aws,ruby,css"
senior wordpress developer,https://weworkremotely.com/remote-jobs/x-team-senior-wordpress-developer,senior,"css,git,php,javascript,html,laravel,jquery,go,mysql,wordpress"
llc drupal solutions architect,https://weworkremotely.com/remote-jobs/interpersonal-frequency-llc-drupal-solutions-architect,senior,"git,ui,php,rust,ux,javascript,html,drupal,scala,css"
experienced backend engineer ruby,https://weworkremotely.com/remote-jobs/theorem-llc-experienced-backend-engineer-ruby,senior,ruby
school ios developer your dream work environment,https://weworkremotely.com/remote-jobs/iphone-photography-school-ios-developer-your-dream-work-environment,senior,"ios,rust,ui,swift"
stack developer python angular,https://weworkremotely.com/remote-jobs/vanna-full-stack-developer-python-angular,other,"ui,docker,angular,redis,ux,kubernetes,aws,python,scala"
full stack engineer ruby on rails,https://weworkremotely.com/remote-jobs/remotelock-senior-full-stack-engineer-ruby-on-rails,senior,"git,angular,sql,graphql,amazon web services,javascript,react,scala,ruby"
engineering manager 1,https://weworkremotely.com/remote-jobs/theorem-experienced-engineering-manager-1,senior,rust
data analytics engineer 1,https://weworkremotely.com/remote-jobs/reify-health-data-analytics-engineer-1,other,"ios,clojure,apache,aws,python,scala,r,postgresql"
php developer europe only,https://weworkremotely.com/remote-jobs/impress-websites-php-developer-europe-only,senior,"rabbitmq,mysql,php,docker,javascript,html,linux,laravel,css,wordpress"
software engineer,https://weworkremotely.com/remote-jobs/shorthand-principal-software-engineer,senior,"ios,git,javascript,react,aws,scala,typescript"
wordpress support engineer,https://weworkremotely.com/remote-jobs/wordpress-vip-wordpress-support-engineer,senior,"ios,git,php,express,javascript,html,scala,css,wordpress"
team lead,https://weworkremotely.com/remote-jobs/thinkific-engineering-team-lead,senior,"git,javascript,css,html"
front end engineer,https://weworkremotely.com/remote-jobs/thinkific-senior-front-end-engineer,senior,"angular,graphql,javascript,sass,react,vue,ruby,go,css"
full stack engineer,https://weworkremotely.com/remote-jobs/thinkific-senior-full-stack-engineer,senior,"git,sql,react,vue,angular,nosql,django,node,postgresql,mysql,ruby,css,asp,sass,aws,.net,javascript,apache,html,python"
mobile developer 1,https://weworkremotely.com/remote-jobs/clevertech-ionic-mobile-developer-1,senior,"ios,javascript,android"
engineer frontend,https://weworkremotely.com/remote-jobs/maxihost-software-engineer-frontend,other,"angular,javascript,html,react,css"
software engineer,https://weworkremotely.com/remote-jobs/dozuki-senior-software-engineer,senior,"mysql,git,docker,php,javascript,html,react,aws,linux,scala,css"
engineer,https://weworkremotely.com/remote-jobs/conversocial-partner-engineer,senior,"css,ios,angular,rust,javascript,html,react,python,java"
fullstack engineer vuejs rails api postgres,https://weworkremotely.com/remote-jobs/clickflow-senior-fullstack-engineer-vuejs-rails-api-postgres,other,"redis,machine learning,node,kubernetes,python,r,ruby"
wordpress marketing developer remote,https://weworkremotely.com/remote-jobs/single-grain-wordpress-marketing-developer-remote,other,wordpress
engineer with kubernetes cet,https://weworkremotely.com/remote-jobs/clevertech-devops-engineer-with-kubernetes-cet,other,"git,docker,ansible,rust,kubernetes,dynamodb,aws,linux,scala"
back end engineer,https://weworkremotely.com/remote-jobs/chili-piper-back-end-engineer,other,"docker,ui,nosql,javascript,react,kubernetes,linux,scala"
of engineering eu only,https://weworkremotely.com/remote-jobs/chartmogul-head-of-engineering-eu-only,other,r
product engineer remote anywhere,https://weworkremotely.com/remote-jobs/dataquest-senior-product-engineer-remote-anywhere,other,"docker,django,javascript,kubernetes,react,python,css"
senior full stack developer,https://weworkremotely.com/remote-jobs/pelican-procurement-senior-full-stack-developer,senior,"angular,sql,asp,javascript,sass,html,.net,go,typescript,css"
quality engineer,https://weworkremotely.com/remote-jobs/axios-data-quality-engineer,other,"ios,docker,nosql,sql,javascript,node,aws,python,go,ruby"
engineer terraform cloud,https://weworkremotely.com/remote-jobs/hashicorp-software-engineer-terraform-cloud,other,"express,django,rust,react,linux,go,ruby,java"
frontend developer remote,https://weworkremotely.com/remote-jobs/crisp-studio-frontend-developer-remote,other,"ui,nosql,sql,ux,javascript,node,react,vue,shopify,linux,bash"
management corp senior software developer,https://weworkremotely.com/remote-jobs/tmc-therapy-management-corp-senior-software-developer,senior,"c,nosql,sql"
engineer community experience,https://weworkremotely.com/remote-jobs/reddit-ios-engineer-community-experience,other,"ios,scala"
mammoth back end engineer 1,https://weworkremotely.com/remote-jobs/we-are-mammoth-back-end-engineer-1,senior,"slack,windows,sql,express,c,powershell,javascript,html,microsoft sql server,jquery,css"
software engineer,https://weworkremotely.com/remote-jobs/billforward-lead-software-engineer,senior,"css,ui,angular,javascript,spring,html,react,vue,kotlin,java"
end senior developer,https://weworkremotely.com/remote-jobs/z1-back-end-senior-developer,senior,"nosql,apollo,django,graphql,javascript,node,aws,python,postgresql,typescript,mongodb"
end senior developer,https://weworkremotely.com/remote-jobs/z1-front-end-senior-developer,senior,"seo,apollo,express,graphql,javascript,node,html,react,typescript,css"
senior net c xamarin 1,https://weworkremotely.com/remote-jobs/deon-developer-senior-net-c-xamarin-1,senior,"c,xamarin"
assurance engineer,https://weworkremotely.com/remote-jobs/whiplash-quality-assurance-engineer,other,"scala,ux,ruby"
remote contract react native engineer 3,https://weworkremotely.com/remote-jobs/g2i-inc-remote-contract-react-native-engineer-3,senior,"ios,apollo,c,graphql,node,android,react,objective c,java"
frontend typescript react react native developer,https://weworkremotely.com/remote-jobs/drops-senior-frontend-typescript-react-react-native-developer,senior,"ios,ui,slack,android,react,aws,typescript"
engineer react react native,https://weworkremotely.com/remote-jobs/lugg-frontend-engineer-react-react-native,other,"react,graphql"
senior software engineer 2,https://weworkremotely.com/remote-jobs/muck-rack-senior-software-engineer-2,senior,"ansible,redis,django,vue,python,elasticsearch,mysql"
remodeling ruby on rails developer,https://weworkremotely.com/remote-jobs/power-home-remodeling-ruby-on-rails-developer,senior,"mysql,git,docker,redis,machine learning,graphql,ux,javascript,swift,react,kubernetes,python,elasticsearch,ruby"
devops engineer,https://weworkremotely.com/remote-jobs/oddball-senior-devops-engineer,senior,"ansible,sql,chef,apache,aws,linux,puppet,postgresql,mysql"
front end developer,https://weworkremotely.com/remote-jobs/arc-senior-front-end-developer,senior,"graphql,javascript,react,ruby,css"
rails engineer react 4,https://weworkremotely.com/remote-jobs/aha-senior-rails-engineer-react-4,senior,"rust,ruby"
security engineer rails experience required,https://weworkremotely.com/remote-jobs/aha-senior-security-engineer-rails-experience-required,senior,"rust,aws,javascript,ruby"
php developer,https://weworkremotely.com/remote-jobs/koombea-senior-php-developer,senior,"php,sql,react,aws,laravel,ruby"
data engineer 1,https://weworkremotely.com/remote-jobs/thorn-senior-data-engineer-1,senior,"docker,slack,nosql,node,kubernetes,cassandra,aws,python,postgresql,typescript,elasticsearch"
engineer node remote,https://weworkremotely.com/remote-jobs/clevertech-backend-engineer-node-remote,senior,"aws,node,sql"
android engineer,https://weworkremotely.com/remote-jobs/irl-senior-android-engineer,senior,"mysql,git,css,ui,php,android,aws,scala,java"
finance ag senior software engineer backend uk,https://weworkremotely.com/remote-jobs/numbrs-personal-finance-ag-senior-software-engineer-backend-uk,senior,"git,docker,machine learning,c,golang,spring,kubernetes,cassandra,aws,scala,java"
frontend engineer es8 react redux saga,https://weworkremotely.com/remote-jobs/files-com-frontend-engineer-es8-react-redux-saga,other,"react,javascript"
shopify developers needed,https://weworkremotely.com/remote-jobs/storetasker-freelance-shopify-developers-needed,senior,shopify
stack engineer for medical research,https://weworkremotely.com/remote-jobs/curebase-full-stack-engineer-for-medical-research,other,"apollo,express,graphql,javascript,react,aws"
llc react developer,https://weworkremotely.com/remote-jobs/skapa-tech-llc-react-developer,other,"git,nosql,sql,asp,javascript,react,.net,scala"
